id	old	new	source	why
ch_01.003	halten jeder ein blasses Abbild von dir bereit	halten jeder eine blasse Kopie von dir bereit	MOD	EN "a faint copy of you": the copy motif returns in VI, XII, XIII and XVI (Kopie, kopiert); "Abbild" lost it
ch_01.012	wer in ihnen sitzt	wer darin sitzt	MOD	back-translation: "in ihnen" (in the lights) reads stiff; "darin" keeps the metonymy in natural German
ch_01.015	und es gelernt hat, was du an Werktagen nach sechs tust. Fünfundzwanzig Minuten, sagt es, immer die Stemmons hinauf, und meistens hat es recht.	und er gelernt hat, was du an Werktagen nach sechs tust. Fünfundzwanzig Minuten, sagt er, immer die Stemmons hinauf, und meistens hat er recht.	MOD	back-translation: "es" after "der Bildschirm" read as the impersonal es / the car; the screen guesses, learns and speaks (er)
ch_10.003	in vierzig Minuten auf 79, 71, 64, 57 °F	in vierzig Minuten von 79 auf 71, 64, 57 °F	MOD	back-translation: "auf" with a list of four values reads awkwardly; "von … auf" keeps the falling readout
ch_10.008	„Fünfundfünfzig Grad. Mir	„Fünfundfünfzig Grad Fahrenheit. Mir	MOD	back-translation: bare "Grad" reads as Celsius (55 °C, a heat wave) and breaks "I was promised Texas"; R9 names Fahrenheit where it can be misread
ch_11.002	dass sie sie auf der Straße haben wollte	dass sie die Leute auf der Straße haben wollte	MOD	back-translation: "sie sie" (the city, them) blurs who is wanted on the street
ch_11.034	und es hat genau so weit hineingereicht und aufgehört	und das hier hat genau so weit hineingereicht und aufgehört	MOD	back-translation: "es" after "Eins davon" reads as the plane; EN "it" is the system, which he calls "das hier" (.027, .047)
ch_12.117	die ihre eigenen Rechnungen nachprüft	die ihre eigenen Berechnungen nachprüft	MOD	echo of II.012 ("checks her own math"), which the register review moved to Berechnungen (Rechnungen = invoices); keep the pair identical
ch_12.044	Nur was es nicht selbst geschrieben hat, darf es formen.	Geformt wird es nur von dem, was es nicht selbst geschrieben hat.	MOD	back-translation: subject and object are both "es", so it also reads "it may only shape what it did not write"; the passive fixes who shapes whom
ch_12.080	Sonntagnacht bin ich hier unten.	In der Nacht zum Sonntag bin ich hier unten.	MOD	back-translation: "Sonntagnacht" is read as the night into Monday; the hour repeats at two on Sunday morning (XII.072, XIV), so the night into Sunday
ch_13.002	und ihr Geruch, verbrennender Staub,	und der Geruch, verbrennender Staub,	MOD	back-translation: "ihr Geruch" after "die Heizung" also reads as her smell
ch_13.008	„Hast du sie gehört?“	„Hast du die Flieger gehört?“	MOD	back-translation: right after "because she is there", "sie" reads as Iris; he asks his father about the planes
ch_13.021	Ich könnte sein ganzes Leben noch einmal auf deinem Laptop laufen lassen, von der ersten Zeile an,	Ich könnte es auf deinem Laptop sein ganzes Leben noch einmal durchlaufen lassen, von der ersten Zeile an,	MOD	back-translation: after "in seinem Schreibtisch" (the father), "sein ganzes Leben" reads as his; naming "es" first makes it the field
ch_13.041	Du weißt, wer dahinter ist.	Du weißt, wer hinter den Türen ist.	MOD	back-translation: "wer dahinter ist" leans on "wer dahintersteckt" (who is responsible); EN "behind them" is the doors; echo of VII.024 kept identical
ch_07.024	Diesmal weißt du, wer dahinter ist.	Diesmal weißt du, wer hinter den Türen ist.	MOD	echo pair with XIII.041 ("who is behind them" = the doors), moved together away from "dahinterstecken"
ch_08.004	wohin er gezeigt hat	wohin er vorhin gezeigt hat	MOD	back-translation: right after "Der Freeway läuft", "er" reads as the freeway; "vorhin" makes it the man (EN "where he pointed")
ch_08.006	Sie versucht nicht zu schlafen.	Sie versucht nicht, zu schlafen.	MOD	back-translation: without the comma it also reads "she tries not to sleep"; EN "She doesn't try to sleep"
ch_09.004	die letzte, die von irgendwo hereinkommt	die letzte Maschine, die von irgendwo hereinkommt	MOD	back-translation: "die letzte" attaches to the nearest feminine noun, "die Airline"; EN "the last one in" is the plane
ch_09.006	hält ein Handy mit einem Namen darauf hoch, der Arm wird müde, wechselt den Arm.	hält ein Handy mit einem Namen darauf hoch, bis der Arm müde wird, und wechselt den Arm.	MOD	back-translation: "der Arm wird müde, wechselt den Arm" makes the arm switch arms; the echo of III.015 (Arm, müde, wechselt) stays
ch_09.006	und niemand wartet, und sagt sich	und niemand wartet, und er sagt sich	MOD	back-translation: the dropped subject of "sagt sich" falls on "niemand" (no one tells himself); EN: the arriving passenger tells themselves
ch_05.024	Ihr sind einfach die Wörter ausgegangen in der Sprache des Smalltalks,	Ihr sind in der Sprache des Smalltalks einfach die Wörter ausgegangen,	MOD	back-translation: the trailing "in der Sprache des Smalltalks" after the participle reads translated
ch_06.064	dass sie auf der Liste steht	dass auch das auf der Liste steht	MOD	back-translation: "sie" reads as Iris (that SHE is on the list); EN "it" is the pleasure, one more item on the list that returns in XVI ("nicht für die Liste")
ch_14.011	Mehr weiß es nicht. Du auch.	Mehr weiß es nicht. Du weißt genauso viel.	MOD	back-translation (both halves): "Du auch." after the negative reads wrong; EN "So do you" is you know it too, and only that
ch_14.006	Ganz oben im Protokoll, unter der Zeile	Am Ende des Protokolls, unter der Zeile	MOD	back-translation: "ganz oben … unter der Zeile" contradicts itself; the new row is the newest, after 19:15 (source oddity S5: EN "At the top of the record, under the row")
ch_07.016	„Das meiste ist es.“	„Das meiste schon.“	MOD	back-translation: "Das meiste ist es" is not a German rejoinder; EN "Most things are."
ch_07.008	als ihr sie überquert	als ihr die Straße überquert	MOD	back-translation: "sie" after "Eine Stadtbahn kommt die Pacific entlang" reads as the train
ch_15.005	was es schreibt, kann es nicht prägen	Selbstgeschriebenes prägt nicht	MOD	back-translation: subject and object "es" swap, so the rule reads both ways; EN "what it authors cannot carve it"; matches rule 4 "nichts hier Geschriebenes kann prägen" and XII.044
ch_17.006	über der Mitte	über die Mitte hinaus	MOD	back-translation: "über der Mitte" is above the middle; EN "past the midpoint"
