# THE REGISTRY of Five Hours Apart, es-419 edition (BOOK_TRANSLATION_METHOD_v3 §8). Columns: id, tier (H FAIL / M WARN), EN census pattern (regex, case-insensitive unless it starts with '=' ; options after ';;' : @except seg,seg  @types t,t  @accept form|form), es forms (any one satisfies a site; case-insensitive substrings, '|' between alternatives; heading rows: the exact heading), note. The charter is the law; this file is its machine half.
id	tier	EN	es	note
heading.front	H	=	# Cinco horas de diferencia	R1
heading.part_1	H	=	# Primera parte · Cinco horas de diferencia	R1
heading.ch_01	H	=	## I. Cuarenta y uno
heading.ch_02	H	=	## II. Stemmons
heading.ch_03	H	=	## III. International Parkway
heading.ch_04	H	=	## IV. Las puertas
heading.ch_05	H	=	## V. Autopista Carpenter
heading.ch_06	H	=	## VI. Cuarenta y ocho
heading.ch_07	H	=	## VII. Calle Elm
heading.ch_08	H	=	## VIII. Las cuatro de la mañana
heading.ch_09	H	=	## IX. Stemmons, otra vez
heading.part_2	H	=	# Segunda parte · Nada está por llegar	R5
heading.ch_10	H	=	## X. Norte	a norther; on the Gulf coast of Mexico "un norte" is that wind
heading.ch_11	H	=	## XI. El cuarto más pequeño
heading.ch_12	H	=	## XII. La cinta
heading.ch_13	H	=	## XIII. Salidas
heading.ch_14	H	=	## XIV. Cuarenta y uno, otra vez
heading.part_3	H	=	# Tercera parte · Digamos	R3
heading.ch_15	H	=	## XV. Cuerpo
heading.ch_16	H	=	## XVI. Cuarto
heading.ch_17	H	=	## XVII. Engranajes
heading.ch_18	H	=	## XVIII. Abierta	the open expectation (previsión, feminine)
P.iris	H	=\bIris\b	Iris
P.wren	H	=\bWren\b	Wren
P.dana	H	=\bDana\b	Dana
P.kelvin	H	\bKelvin\b	Kelvin
P.kosterlitz	H	\bKosterlitz\b	Kosterlitz
P.thouless	H	\bThouless\b	Thouless
P.berezinskii	H	\bBerezinskii\b	Berezinskii
G.dallas	H	\bDallas\b	Dallas
G.euless	H	\bEuless\b	Euless
G.irving	H	\bIrving\b	Irving
G.arlington	H	\bArlington\b	Arlington
G.grapevine	H	\bGrapevine\b	Grapevine
G.lascolinas	H	\bLas Colinas\b	Las Colinas
G.deepellum	H	\bDeep Ellum\b	Deep Ellum
G.midcities	H	\bMid-Cities\b	Mid-Cities
G.fortworth	H	\bFort Worth\b	Fort Worth
G.heathrow	H	\bHeathrow\b	Heathrow
G.london	H	\bLondon\b	Londres
G.leeds	H	\bLeeds\b	Leeds
G.ireland	H	\bIreland\b	Irlanda
G.channel	H	\bthe Channel\b	canal de la Mancha
G.atlantic	H	\bAtlantic\b	Atlántico
G.singapore	H	\bSingapore\b	Singapur
G.manhattan	H	\bManhattan\b	Manhattan
G.lovefield	H	\bLove Field\b	Love Field
G.dfw	H	=\bDFW\b	DFW
G.terminald	H	\bTerminal D\b	Terminal D
G.stemmons	H	\bStemmons\b	Stemmons
G.carpenter	H	\bCarpenter\b	Carpenter
G.intlparkway	H	\bInternational Parkway\b	International Parkway
G.commerce	H	=\bCommerce\b	Commerce
G.elm	H	=\bElm\b	Elm
G.pacific	H	=\bPacific\b	Pacific
G.reunion	H	=\bReunion\b	Reunion	the tower; lower-case "reunion" is reencuentro
G.trinity	H	\bTrinity\b	Trinity
G.magnolia	H	\bMagnolia\b	Magnolia
G.pegasus	H	\bPegasus\b	Pegaso
G.bachman	H	\bBachman\b	Bachman
G.design	H	\bDesign District\b	Design District
G.westend	H	\bWest End\b	West End
G.metroplex	H	\bMetroplex\b	Metroplex
G.texas	H	=\bTexas\b	Texas
G.texan	H	\bTexan\b	tejan
G.grok	H	\bGrok\b	Grok
G.ultra	H	\bUltra Sunrise\b	Ultra Sunrise
G.convention	H	\bconvention center\b	centro de convenciones
G.irissign	H	=\bIRIS WREN\b	IRIS WREN	the phone sign stays as typed
G.home	H	=\bHOME\b	CASA	the screen's label
R.hypothetical	H	\bA hypothetical, in three parts\b	Un supuesto, en tres partes	R3
R.say	H	=\bSay (?:it's|the)\b	Digamos	R3, the openers
R.oddweek	H	\bthe odd week\b	semana desfasada
R.nothingdue	H	\bnothing(?:'s| is) due\b	nada está por llegar	R5, the refrain
R.heavy	H	\bheav(?:y|ier|ies)\b	pesad	R6
R.keep	H	\bearn(?:ed|s)? its keep\b	pan	se ganó el pan
R.rent	H	\bpays? rent\b	renta
R.stoppedpaying	H	\bstopped paying\b	dejaron de pagar
R.sign	H	\bsigns?\b	letrero	the sign, and the road signs (one word, as the English)
R.click	H	\bclick\b	clic
R.secondhand	H	\bsecondhand\b	de segunda mano
R.borrowed	H	\ba borrowed share\b	una parte prestada
R.handshake	H	\bhandshake\b	apretón
R.syllable	H	\bsyllable\b	sílaba
R.knot	H	\bknots?\b	nudo
R.sheet	H	\bsheet\b ;; @except ch_11.009	lámina	the paper on the wall is a hoja
R.field	H	\bthe field\b ;; @except ch_03.003,ch_12.102,ch_13.005	campo	the airfield sites are excepted
R.frontier	H	\bfrontier\b	frente
R.lane	H	\blanes?\b	carril
R.row	H	\brows?\b	fila
R.record	M	\bthe record\b	registro
R.tape	H	\btape\b	cinta
R.settle	H	\bsettle[sd]?\b	asent|asient
R.carve	H	\bcarve[sd]?\b	tall
R.fork	H	\bfork(?:ed|s)?\b	bifurc
R.rewind	H	\brewind\b	rebobin
R.discard	H	\bdiscard\b	descart
R.expectation	H	\bexpectation\b	previsi	R7
R.waiting	H	\bThat's waiting\b|\bthat was waiting\b	esperar	R7, the human word
R.doesntwait	H	\bIt doesn't wait\b	No espera	R7
R.quietsmall	H	=\*Quiet\b	Quieto	the small type
R.receiver	H	\breceiver\b	receptor
R.badge	H	=\bbadge\b	credencial
R.keeper	H	\bkeeper\b	custodio
R.sandbox	H	\bsandbox\b	sandbox
R.hash	H	\bhash\b	hash
R.ears	H	\bears\b	oído
R.amber	H	\bamber\b	ámbar
R.patientline	H	\bpatient lines?\b	hilera	not fila (the rows' word)
R.landinglights	H	\blanding lights\b	luces de aterrizaje
R.arm	H	\bswitch(?:ing)? arms\b	cambi	III and IX, the same phrase
R.sixes	H	\bsixes\b	seis
R.speech	H	\bspeech\b	discurso
R.bookkeeping	H	\bbookkeeping\b	contabilidad
R.bleak	H	\bbleak\b	desolador
R.pond	H	\bpond\b	estanque
R.lavalamp	H	\blava lamp\b	lámpara de lava
R.stereogram	H	\bstereogram\b	estereograma
R.pinwheel	H	\bpinwheels?\b	rehilete
R.compass	H	\bcompass needles?\b	brújula
R.cells	H	\bcells?\b ;; @except ch_03.003	celda	the cell-phone lot is not a cell
R.edge	H	\bedges?\b	borde
R.horse	H	\bhorse\b	caballo
R.doors	M	\bdoors\b	puerta
R.lamp	H	\blamps?\b	lámpara
R.matter	H	\bmatter to (?:it|me)\b	importar
R.pleased	H	\bI'm something\b	Estoy algo
R.itssomething	H	\bIt's something\b	Es algo
R.notnothing	H	\bnot nothing\b	poca cosa
R.texanthing	H	\bmost Texan thing\b	lo más tejano
R.secret	H	\bIs it a secret\b	secreto
R.notano	H	\bThat's not a no\b	Eso no es un no
R.bigger	H	\bbigger from down here\b	más grande
R.mostthings	H	\bMost things are\b	Casi todo lo es
R.goinground	H	\b(?:going|gone) round\b	girando|girado
R.listofnotes	H	\ba list of notes is true about a song\b	una lista de notas es verdad sobre una canción
R.nightson	H	\bNight, son\b	Buenas noches, hijo
R.nightdad	H	\bNight, Dad\b	Buenas noches, papá
R.alwaysdo	H	\bYou always do\b	Siempre lo haces
R.somebody	H	\bSomebody has to\b	Alguien tiene que hacerlo
R.exactlylike	H	\bIt's exactly like this\b	Es exactamente así
R.tellanyway	H	\bTell her anyway\b	Díselo de todos modos
R.beup	H	\bI'll be up\b	Estaré despierta
R.awful	H	\bawful\b	horror
R.wasnt	H	=\bIt wasn't\b	No lo fue
R.phone	H	\bIt's a phone\b	Es un celular
R.itsasign	H	\bIt's a sign\b	Es un letrero
R.thatsme	H	\bThat's me\b	Soy yo
R.forthesign	H	\bFor the sign\b	Por el letrero
R.fortheroom	H	\bFor the room\b	Por el cuarto
R.behind	H	\bwho's behind them\b	quién está detrás
R.correcting	H	\bcorrecting a definition in a draft\b	una definición en un borrador
R.mildly	H	\bmildly\b	con suavidad
R.decide	H	\bdecide,? (?:again, )?(?:that )?she's right\b	tiene razón
R.fourlines	H	\bThe fix is four lines\b	La corrección son cuatro líneas
R.oneline	H	\bThe fix is one line\b	La corrección es una línea
R.fourteen	H	\bFourteen sixes\b	Catorce seises
R.findits	H	\bLet it find its own\b	Que encuentre los suyos
R.nothingweek	H	\bNothing this week\b	Nada esta semana
R.whylanding	H	\bYou asked why the landing\b	Me preguntaste por qué el aterrizaje
R.glowingnoone	H	\bglowing for no one\b	brillando para nadie
R.litempty	H	\blit and empty\b	vací
R.eleven	H	\beleven is busy\b	a las once hay mucho movimiento
R.overwater	H	\bover (?:the )?water\b	sobre el agua
R.windowseat	H	\bwindow seat\b	asiento de ventanilla
R.blindup	H	\bblind up\b	persiana arriba
R.northdallas	H	\bnorth Dallas\b	norte de Dallas
R.ninedollars	H	\bnine dollars\b	nueve dólares
R.lullaby	H	\blullaby\b	canción de cuna
R.blueribbon	H	\bblue ribbon\b	listón azul	cinta is the tape
R.onit	H	=\bOn it\b	Yo voy	two words, as the English
R.whatwelearned	H	\bWhat we learned\b	Lo que aprendimos
R.thereearly	H	\bIt was there before you were\b	Estaba ahí antes que tú	R14
R.norowforit	H	\bThere isn't a row for it\b	No hay una fila para eso	R14
R.pointed	H	\bwhere he pointed\b	donde él señaló	R14, a source defect kept
R.fondly	H	=\bFondly\b	Con cariño	R14
R.appalled	H	\bappalled\b	espantada	R14
R.seethehorse	H	\bCould I see the horse\b	Puedo ver el caballo	R14
R.hiseyes	H	\bHe says it's his eyes\b	Dice que son sus ojos	R14, present tense
